,Phylum_Samples,Class_Samples,Order_Samples,Family_Samples,Genus_Samples
Bacillota,209901,0,0,0,0
Pseudomonadota,201491,0,0,0,0
Actinomycetota,198868,0,0,0,0
Bacteroidota,193627,0,0,0,0
Thermodesulfobacteriota,109750,0,0,0,0
Verrucomicrobiota,106601,0,0,0,0
Cyanobacteriota,61830,0,0,0,0
Fusobacteriota,53333,0,0,0,0
Methanobacteriota,35717,0,0,0,0
Campylobacterota,31950,0,0,0,0
Synergistota,21899,0,0,0,0
Patescibacteria,17621,0,0,0,0
Spirochaetota,6760,0,0,0,0
Deinococcota,4924,0,0,0,0
Elusimicrobiota,4044,0,0,0,0
Thermoplasmatota,3070,0,0,0,0
Bdellovibrionota,1293,0,0,0,0
Fibrobacterota,800,0,0,0,0
Deferribacterota,662,0,0,0,0
Chloroflexota,584,0,0,0,0
Myxococcota,252,0,0,0,0
Candidatus Eremiobacterota,149,0,0,0,0
Planctomycetota,125,0,0,0,0
Thermoproteota,107,0,0,0,0
Halobacteriota,106,0,0,0,0
Balneolota,105,0,0,0,0
Acidobacteriota,104,0,0,0,0
Lachnospiraceae NK4A136 group,0,0,0,0,112766
Lachnospiraceae NK4B4 group,0,0,0,0,3655
Lachnospiraceae UCG-002,0,0,0,0,764
Lachnospiraceae UCG-003,0,0,0,0,15709
Lachnospiraceae UCG-004,0,0,0,0,108238
Lachnospiraceae UCG-006,0,0,0,0,1527
Lachnospiraceae UCG-008,0,0,0,0,136252
Lachnospiraceae UCG-009,0,0,0,0,163
Lachnospiraceae UCG-010,0,0,0,0,31921
Lachnospiraceae XPB1014 group,0,0,0,0,268
Lacticaseibacillus,0,0,0,0,30328
Lancefieldella,0,0,0,0,25671
Lactiplantibacillus,0,0,0,0,8897
Lactobacillus,0,0,0,0,48548
Lactococcus,0,0,0,0,45329
Lactonifactor,0,0,0,0,5250
Levilactobacillus,0,0,0,0,1089
Lapidilactobacillus,0,0,0,0,124
Leptotrichia,0,0,0,0,7657
Ligilactobacillus,0,0,0,0,32725
Lichenibacterium,0,0,0,0,100
Leyella,0,0,0,0,35577
Lachnospiraceae ND3007 group,0,0,0,0,80153
Leuconostoc,0,0,0,0,16626
Leucobacter,0,0,0,0,576
Leptothrix,0,0,0,0,248
Latilactobacillus,0,0,0,0,6614
Lentimicrobium,0,0,0,0,391
Lentilactobacillus,0,0,0,0,782
Lelliottia,0,0,0,0,321
Leifsonia,0,0,0,0,376
Lawsonella,0,0,0,0,8488
Lautropia,0,0,0,0,2588
Lachnospiraceae NK3A20 group,0,0,0,0,5004
Kluyvera,0,0,0,0,1082
Lachnospiraceae NC2004 group,0,0,0,0,32361
Janibacter,0,0,0,0,1126
Kallipyga,0,0,0,0,1417
Jonquetella,0,0,0,0,703
Johnsonella,0,0,0,0,1630
Jeotgalicoccus,0,0,0,0,549
Jatrophihabitans,0,0,0,0,157
Janthinobacterium,0,0,0,0,1089
Isoptericola,0,0,0,0,137
Kineosphaera,0,0,0,0,232
Intestinimonas,0,0,0,0,36699
Intestinibacter,0,0,0,0,25703
Ileibacterium,0,0,0,0,302
Ignatzschineria,0,0,0,0,175
Idiomarina,0,0,0,0,244
Hyphomicrobium,0,0,0,0,93
Kineococcus,0,0,0,0,106
Kineothrix,0,0,0,0,110
Lachnospiraceae FE2018 group,0,0,0,0,4435
Kytococcus,0,0,0,0,139
Lachnospiraceae FCS020 group,0,0,0,0,62505
Lachnospiraceae AC2044 group,0,0,0,0,2142
Lachnospira,0,0,0,0,107095
Lachnoclostridium,0,0,0,0,101137
Lachnobacterium,0,0,0,0,194
Lachnoanaerobaculum,0,0,0,0,5551
Kurthia,0,0,0,0,240
Kingella,0,0,0,0,926
Kosakonia,0,0,0,0,747
Kocuria,0,0,0,0,2492
Knoellia,0,0,0,0,371
Limnohabitans,0,0,0,0,150
Klebsiella,0,0,0,0,22624
Kinneretia,0,0,0,0,222
Limnobacter,0,0,0,0,153
Malacoplasma,0,0,0,0,146
Limosilactobacillus,0,0,0,0,37097
Mobiluncus,0,0,0,0,4777
Mucispirillum,0,0,0,0,662
Moryella,0,0,0,0,70127
Morganella,0,0,0,0,6692
Moraxella,0,0,0,0,2692
Monoglobus,0,0,0,0,116113
Mogibacterium,0,0,0,0,25405
Mobilicoccus,0,0,0,0,134
Muribaculum,0,0,0,0,1163
Mitsuokella,0,0,0,0,11423
Microvirga,0,0,0,0,284
Micrococcus,0,0,0,0,3597
Microcella,0,0,0,0,144
Microbacterium,0,0,0,0,581
Methyloversatilis,0,0,0,0,468
Murdochiella,0,0,0,0,8706
Muricomes,0,0,0,0,238
Liquorilactobacillus,0,0,0,0,500
Neisseria,0,0,0,0,15969
Nocardiopsis,0,0,0,0,2955
Nocardioides,0,0,0,0,389
Nocardia,0,0,0,0,741
Nitrobacter,0,0,0,0,103
Nesterenkonia,0,0,0,0,1192
Neobacillus,0,0,0,0,643
Negativicoccus,0,0,0,0,7964
Murimonas,0,0,0,0,1243
Negativibacillus,0,0,0,0,55206
Ndongobacter,0,0,0,0,491
NK4A214 group,0,0,0,0,90476
Myroides,0,0,0,0,364
Mycoplasma,0,0,0,0,1270
Mycobacterium,0,0,0,0,930
Methylotenera,0,0,0,0,701
Methylorubrum,0,0,0,0,3305
Methylophilus,0,0,0,0,188
Macrococcus,0,0,0,0,823
Marinococcus,0,0,0,0,135
Mannheimia,0,0,0,0,655
Mammaliicoccus,0,0,0,0,429
Hydrogenophilus,0,0,0,0,546
Mailhella,0,0,0,0,3812
Mageeibacillus,0,0,0,0,123
Macellibacteroides,0,0,0,0,134
Methylocella,0,0,0,0,152
Lysobacter,0,0,0,0,350
Lysinibacillus,0,0,0,0,1813
Lutibaculum,0,0,0,0,198
Luteimonas,0,0,0,0,322
Longibaculum,0,0,0,0,9457
Listeria,0,0,0,0,444
Marinospirillum,0,0,0,0,140
Marvinbryantia,0,0,0,0,50873
Massilia,0,0,0,0,1886
Massiliomicrobiota,0,0,0,0,24851
Massiliprevotella,0,0,0,0,21682
Mediterraneibacter,0,0,0,0,140805
Megamonas,0,0,0,0,29107
Megasphaera,0,0,0,0,47124
Meiothermus,0,0,0,0,100
Merdibacter,0,0,0,0,13744
Mesorhizobium,0,0,0,0,1614
Methanobrevibacter,0,0,0,0,35072
Methanolobus,0,0,0,0,106
Methanomassiliicoccus,0,0,0,0,1123
Methanosphaera,0,0,0,0,4999
Methylobacillus,0,0,0,0,106
Methylobacterium,0,0,0,0,8861
Hydrotalea,0,0,0,0,303
Helcococcus,0,0,0,0,614
Hydrogenophaga,0,0,0,0,407
Enteractinococcus,0,0,0,0,106
Eperythrozoon,0,0,0,0,579
Enteroscipio,0,0,0,0,1014
Enterococcus,0,0,0,0,76945
Enterocloster,0,0,0,0,131193
Enterobacter,0,0,0,0,83259
Enterobacillus,0,0,0,0,461
Ensifer,0,0,0,0,134
Eremococcus,0,0,0,0,408
Enorma,0,0,0,0,2181
Enhydrobacter,0,0,0,0,6676
Endozoicomonas,0,0,0,0,3491
Empedobacter,0,0,0,0,609
Elusimicrobium,0,0,0,0,4044
Elizabethkingia,0,0,0,0,360
Epulopiscium,0,0,0,0,3465
Erwinia,0,0,0,0,115
Faecalicatena,0,0,0,0,20747
Extensimonas,0,0,0,0,447
Faecalibacterium,0,0,0,0,157721
Facklamia,0,0,0,0,1607
F0332,0,0,0,0,5702
F0058,0,0,0,0,718
Ezakiella,0,0,0,0,13867
Extibacter,0,0,0,0,38263
Exiguobacterium,0,0,0,0,724
Erysipelothrix,0,0,0,0,110
Eubacterium,0,0,0,0,15337
Escherichia-Shigella,0,0,0,0,157658
Erythrobacter,0,0,0,0,596
Erysipelotrichaceae UCG-007,0,0,0,0,450
Erysipelotrichaceae UCG-006,0,0,0,0,4797
Erysipelotrichaceae UCG-003,0,0,0,0,67187
Eisenbergiella,0,0,0,0,43149
Eikenella,0,0,0,0,2329
Eggerthia,0,0,0,0,659
Dechloromonas,0,0,0,0,306
Demequina,0,0,0,0,105
Dellaglioa,0,0,0,0,510
Delftia,0,0,0,0,4829
Deinococcus,0,0,0,0,1733
Defluviitaleaceae UCG-011,0,0,0,0,39504
Defluviitalea,0,0,0,0,237
DTU089,0,0,0,0,42548
Eggerthella,0,0,0,0,64198
DSSF69,0,0,0,0,147
Cypionkella,0,0,0,0,115
Cutibacterium,0,0,0,0,5507
Curvibacter,0,0,0,0,594
Cupriavidus,0,0,0,0,1207
Cuneatibacter,0,0,0,0,2944
Denitrobacterium,0,0,0,0,255
Dermabacter,0,0,0,0,1742
Dermacoccus,0,0,0,0,894
Desulfitobacterium,0,0,0,0,136
Desulfovibrio,0,0,0,0,50658
Devosia,0,0,0,0,479
Dialister,0,0,0,0,104257
Diaphorobacter,0,0,0,0,835
Dielma,0,0,0,0,23403
Dietzia,0,0,0,0,1460
Dolosigranulum,0,0,0,0,4429
Dorea,0,0,0,0,127354
Dubosiella,0,0,0,0,1277
Duganella,0,0,0,0,168
Dyadobacter,0,0,0,0,104
Dysgonomonas,0,0,0,0,2544
Edwardsiella,0,0,0,0,124
Faecalibaculum,0,0,0,0,2310
Faecalicoccus,0,0,0,0,2870
Hydrogenoanaerobacterium,0,0,0,0,12260
Gluconobacter,0,0,0,0,241
Haematobacter,0,0,0,0,135
Guggenheimella,0,0,0,0,115
Granulicatella,0,0,0,0,32561
Gordonibacter,0,0,0,0,26295
Gordonia,0,0,0,0,482
Glutamicibacter,0,0,0,0,633
Globicatella,0,0,0,0,117
Haemophilus,0,0,0,0,99905
Gleimia,0,0,0,0,580
Georgenia,0,0,0,0,235
Geodermatophilus,0,0,0,0,131
Geobacillus,0,0,0,0,1199
Geoalkalibacter,0,0,0,0,140
Gemmiger,0,0,0,0,10076
Haematomicrobium,0,0,0,0,506
Hafnia-Obesumbacterium,0,0,0,0,4042
Faecalimonas,0,0,0,0,68984
Holdemanella,0,0,0,0,53164
Hydrobacter,0,0,0,0,1788
Hungatella,0,0,0,0,46426
Hoylesella,0,0,0,0,31195
Howardella,0,0,0,0,21310
Hornefia,0,0,0,0,574
Holdemania,0,0,0,0,60234
Herbinix,0,0,0,0,109
Halalkalibacterium,0,0,0,0,291
Herbaspirillum,0,0,0,0,6208
Helicobacter,0,0,0,0,4521
Novosphingobium,0,0,0,0,3434
Harryflintia,0,0,0,0,5182
Halomonas,0,0,0,0,10305
Haloactinopolyspora,0,0,0,0,285
Gemella,0,0,0,0,44438
Gardnerella,0,0,0,0,3109
Galbibacter,0,0,0,0,127
Fermentimonas,0,0,0,0,117
Flavobacterium,0,0,0,0,2264
Flavisolibacter,0,0,0,0,172
Flaviflexus,0,0,0,0,116
Finegoldia,0,0,0,0,24598
Filifactor,0,0,0,0,857
Fibrobacter,0,0,0,0,800
Ferdinandcohnia,0,0,0,0,145
Gaiella,0,0,0,0,93
Fenollaria,0,0,0,0,9881
Fastidiosipila,0,0,0,0,17595
Fannyhessea,0,0,0,0,1916
Family XIII UCG-001,0,0,0,0,54021
Family XIII AD3011 group,0,0,0,0,85529
Faecalitalea,0,0,0,0,35338
Flavonifractor,0,0,0,0,90542
Flectobacillus,0,0,0,0,168
Flexilinea,0,0,0,0,217
Flexivirga,0,0,0,0,222
Fluviicola,0,0,0,0,118
Fournierella,0,0,0,0,17832
Fretibacterium,0,0,0,0,1361
Frisingicoccus,0,0,0,0,17344
Fructilactobacillus,0,0,0,0,1696
Fructobacillus,0,0,0,0,252
Furfurilactobacillus,0,0,0,0,279
Fuscovulum,0,0,0,0,107
Fusicatenibacter,0,0,0,0,123662
Fusobacterium,0,0,0,0,47421
GCA-900066575,0,0,0,0,50278
GCA-900066755,0,0,0,0,8289
Gabonibacter,0,0,0,0,4508
Nosocomiicoccus,0,0,0,0,167
Ottowia,0,0,0,0,1200
Nubsella,0,0,0,0,224
Streptococcus,0,0,0,0,176819
Succinivibrio,0,0,0,0,13495
Succiniclasticum,0,0,0,0,3798
Succinatimonas,0,0,0,0,1198
Subsaxibacter,0,0,0,0,124
Subdoligranulum,0,0,0,0,1349
Streptomyces,0,0,0,0,4694
Streptobacillus,0,0,0,0,862
Sutterella,0,0,0,0,89278
Stomatobaculum,0,0,0,0,4302
Stenotrophomonas,0,0,0,0,10262
Stappia,0,0,0,0,164
Staphylococcus,0,0,0,0,43359
Sporosarcina,0,0,0,0,277
Sporobacter,0,0,0,0,131
Sutcliffiella,0,0,0,0,114
Synechococcus CC9902,0,0,0,0,5415
Sphingopyxis,0,0,0,0,1026
Tepidiphilus,0,0,0,0,185
Thermicanus,0,0,0,0,210
Tetragenococcus,0,0,0,0,357
Tessaracoccus,0,0,0,0,111
Terrisporobacter,0,0,0,0,44209
Terriglobus,0,0,0,0,104
Terrabacter,0,0,0,0,194
Tepidimonas,0,0,0,0,2031
Synergistes,0,0,0,0,1438
Tatumella,0,0,0,0,2452
Tannerella,0,0,0,0,1056
TM7x,0,0,0,0,12667
TM7a,0,0,0,0,330
Syntrophomonas,0,0,0,0,908
Syntrophococcus,0,0,0,0,406
Sporacetigenium,0,0,0,0,511
Sphingomonas,0,0,0,0,11911
Saccharedens,0,0,0,0,184
Scardovia,0,0,0,0,9088
Selenomonas,0,0,0,0,5274
Segatella,0,0,0,0,95702
Sediminibacterium,0,0,0,0,897
Secundilactobacillus,0,0,0,0,133
Schleiferilactobacillus,0,0,0,0,264
Schaalia,0,0,0,0,71765
Savagea,0,0,0,0,105
Senegalimassilia,0,0,0,0,11220
Sarcina,0,0,0,0,8249
Sanguibacter,0,0,0,0,461
Salmonella,0,0,0,0,4406
Salinimicrobium,0,0,0,0,112
Salinicoccus,0,0,0,0,171
Saccharopolyspora,0,0,0,0,1580
Sellimonas,0,0,0,0,38577
Serinicoccus,0,0,0,0,167
Sphingobium,0,0,0,0,1277
Slackia,0,0,0,0,27377
Sphingobacterium,0,0,0,0,2016
Sphaerochaeta,0,0,0,0,260
Solobacterium,0,0,0,0,27793
Solirubrobacter,0,0,0,0,169
Solibacillus,0,0,0,0,699
Sneathia,0,0,0,0,2314
Skermanella,0,0,0,0,258
Serratia,0,0,0,0,4657
Sinomonas,0,0,0,0,186
Shuttleworthia,0,0,0,0,6967
Shouchella,0,0,0,0,1653
Shinella,0,0,0,0,413
Shimazuella,0,0,0,0,342
Shewanella,0,0,0,0,2323
Thermoanaerobacterium,0,0,0,0,110
Thermomonas,0,0,0,0,427
Thermus,0,0,0,0,3196
Weizmannia,0,0,0,0,320
Z20,0,0,0,0,635
Xylanibacter,0,0,0,0,2492
Xanthomonas,0,0,0,0,460
Xanthobacter,0,0,0,0,159
Wohlfahrtiimonas,0,0,0,0,109
Winkia,0,0,0,0,2378
Weissella,0,0,0,0,19755
Zhengella,0,0,0,0,173
W5053,0,0,0,0,2151
Vulcaniibacterium,0,0,0,0,451
Vogesella,0,0,0,0,718
Virgibacillus,0,0,0,0,129
Victivallis,0,0,0,0,17485
Vibrionimonas,0,0,0,0,184
Zag_111,0,0,0,0,23407
[Bacteroides] pectinophilus group,0,0,0,0,3406
Thiomicrorhabdus,0,0,0,0,112
[Eubacterium] sulci group,0,0,0,0,6603
dgA-11 gut group,0,0,0,0,869
[Ruminococcus] gnavus group,0,0,0,0,82733
[Ruminococcus] gauvreauii group,0,0,0,0,75004
[Eubacterium] yurii group,0,0,0,0,393
[Eubacterium] xylanophilum group,0,0,0,0,60902
[Eubacterium] ventriosum group,0,0,0,0,54150
[Eubacterium] siraeum group,0,0,0,0,69956
[Clostridium] innocuum group,0,0,0,0,67333
[Eubacterium] saphenum group,0,0,0,0,590
[Eubacterium] ruminantium group,0,0,0,0,40479
[Eubacterium] oxidoreducens group,0,0,0,0,36996
[Eubacterium] eligens group,0,0,0,0,81309
[Eubacterium] brachy group,0,0,0,0,27429
[Clostridium] methylpentosum group,0,0,0,0,26007
Vibrio,0,0,0,0,338
Veillonella,0,0,0,0,120096
Variovorax,0,0,0,0,1043
Truepera,0,0,0,0,300
Turicimonas,0,0,0,0,4381
Turicibacter,0,0,0,0,67057
Tumebacillus,0,0,0,0,803
Tsuneonella,0,0,0,0,487
Tsukamurella,0,0,0,0,160
Trueperella,0,0,0,0,388
Tropheryma,0,0,0,0,207
Varibaculum,0,0,0,0,11514
Trichococcus,0,0,0,0,527
Treponema,0,0,0,0,5519
Tractidigestivibacter,0,0,0,0,12554
Tissierella,0,0,0,0,115
Thomasclavelia,0,0,0,0,88023
Thiomicrospira,0,0,0,0,107
Tychonema CCAP 1459-11B,0,0,0,0,167
Tyzzerella,0,0,0,0,68390
UC5-1-2E3,0,0,0,0,996
UCG-001,0,0,0,0,150
UCG-002,0,0,0,0,112187
UCG-003,0,0,0,0,83487
UCG-004,0,0,0,0,4325
UCG-005,0,0,0,0,104724
UCG-007,0,0,0,0,2349
UCG-008,0,0,0,0,3641
UCG-009,0,0,0,0,27482
Undibacterium,0,0,0,0,1448
Ureaplasma,0,0,0,0,1218
Uruburuella,0,0,0,0,295
V9D2013 group,0,0,0,0,1844
Vagococcus,0,0,0,0,338
Vallitalea,0,0,0,0,131
Saccharofermentans,0,0,0,0,385
SUP05 cluster,0,0,0,0,109
Oceanobacillus,0,0,0,0,878
Peptoniphilus,0,0,0,0,30530
Phenylobacterium,0,0,0,0,498
Phascolarctobacterium,0,0,0,0,101874
Periweissella,0,0,0,0,330
Peribacillus,0,0,0,0,1742
Peredibacter,0,0,0,0,128
Peptostreptococcus,0,0,0,0,15012
Peptococcus,0,0,0,0,35857
Phocea,0,0,0,0,18398
Peptoclostridium,0,0,0,0,2765
Peptoanaerobacter,0,0,0,0,144
Pelagibacterium,0,0,0,0,3033
Pedobacter,0,0,0,0,1085
Pediococcus,0,0,0,0,6408
Pectobacterium,0,0,0,0,250
Phocaeicola,0,0,0,0,629
Phoenicibacter,0,0,0,0,446
Parvimonas,0,0,0,0,16994
Prauserella,0,0,0,0,524
Prevotellaceae UCG-004,0,0,0,0,1197
Prevotellaceae UCG-003,0,0,0,0,4765
Prevotellaceae UCG-001,0,0,0,0,8182
Prevotellaceae NK3B31 group,0,0,0,0,18422
Prevotellaceae Ga6A1 group,0,0,0,0,728
Prevotella,0,0,0,0,40393
Porphyromonas,0,0,0,0,30226
Photobacterium,0,0,0,0,201
Polynucleobacter,0,0,0,0,173
Polaromonas,0,0,0,0,208
Plantibacter,0,0,0,0,165
Planococcus,0,0,0,0,290
Phyllobacterium,0,0,0,0,1419
Phreatobacter,0,0,0,0,675
Paucilactobacillus,0,0,0,0,105
Parvibaculum,0,0,0,0,338
SD04E11,0,0,0,0,108
Ornithobacterium,0,0,0,0,123
Paenalcaligenes,0,0,0,0,112
PMMR1,0,0,0,0,3731
Oxalobacter,0,0,0,0,23515
Cronobacter,0,0,0,0,431
Oscillospira,0,0,0,0,17282
Oscillibacter,0,0,0,0,98738
Ornithinimicrobium,0,0,0,0,208
Paenibacillus,0,0,0,0,1392
Oribacterium,0,0,0,0,12175
Olsenella,0,0,0,0,7035
Oligella,0,0,0,0,414
Oerskovia,0,0,0,0,219
Oenococcus,0,0,0,0,171
Odoribacter,0,0,0,0,89686
Paenarthrobacter,0,0,0,0,273
Paeniclostridium,0,0,0,0,6211
Parolsenella,0,0,0,0,11667
Paracoccus,0,0,0,0,2919
Parasutterella,0,0,0,0,75423
Parasphingorhabdus,0,0,0,0,108
Parascardovia,0,0,0,0,1347
Paraprevotella,0,0,0,0,42460
Parageobacillus,0,0,0,0,1693
Paraeggerthella,0,0,0,0,799
Paraclostridium,0,0,0,0,1642
Paenochrobactrum,0,0,0,0,129
Parabacteroides,0,0,0,0,143387
Papillibacter,0,0,0,0,7571
Pantoea,0,0,0,0,9542
Pannonibacter,0,0,0,0,164
Paludicola,0,0,0,0,9081
Pajaroellobacter,0,0,0,0,108
Priestia,0,0,0,0,869
Propionibacterium,0,0,0,0,1923
Proteiniclasticum,0,0,0,0,118
Rhodopseudomonas,0,0,0,0,362
Romboutsia,0,0,0,0,93257
Rodentibacter,0,0,0,0,104
Robinsoniella,0,0,0,0,3505
Rikenellaceae RC9 gut group,0,0,0,0,19772
Rikenella,0,0,0,0,774
Rickettsia,0,0,0,0,127
Rhodopirellula,0,0,0,0,105
Roseburia,0,0,0,0,144356
Rhodoferax,0,0,0,0,142
Rhodococcus,0,0,0,0,2305
Rhodanobacter,0,0,0,0,116
Rhizorhapis,0,0,0,0,132
Rhizobium,0,0,0,0,1029
Rhizobacter,0,0,0,0,337
Roseateles,0,0,0,0,5612
Roseibium,0,0,0,0,126
Proteiniphilum,0,0,0,0,121
RumEn M2,0,0,0,0,223
S5-A14a,0,0,0,0,7125
Ruthenibacterium,0,0,0,0,94319
Rummeliibacillus,0,0,0,0,258
Ruminococcus,0,0,0,0,135333
Ruminobacter,0,0,0,0,1944
Ruminiclostridium,0,0,0,0,12257
Rubrobacter,0,0,0,0,110
Roseimaritima,0,0,0,0,123
Rubellimicrobium,0,0,0,0,236
Rouxiella,0,0,0,0,2234
Rothia,0,0,0,0,49472
Rossellomorea,0,0,0,0,123
Roseovarius,0,0,0,0,115
Roseomonas,0,0,0,0,500
Rheinheimera,0,0,0,0,1292
Reyranella,0,0,0,0,317
Rarimicrobium,0,0,0,0,1378
Pseudoclavibacter,0,0,0,0,862
Pseudomonas,0,0,0,0,35562
Pseudoleptotrichia,0,0,0,0,1924
Pseudolabrys,0,0,0,0,409
Pseudogracilibacillus,0,0,0,0,120
Pseudoglutamicibacter,0,0,0,0,487
Pseudoflavonifractor,0,0,0,0,6040
Pseudocitrobacter,0,0,0,0,1569
Raoultibacter,0,0,0,0,5705
Pseudochrobactrum,0,0,0,0,583
Pseudobutyrivibrio,0,0,0,0,555
Pseudidiomarina,0,0,0,0,2777
Pseudarthrobacter,0,0,0,0,1274
Providencia,0,0,0,0,3130
Proteus,0,0,0,0,9617
Pseudonocardia,0,0,0,0,1077
Pseudoprevotella,0,0,0,0,1435
Pseudoramibacter,0,0,0,0,965
Pseudorhodoferax,0,0,0,0,103
Pseudostreptobacillus,0,0,0,0,259
Pseudoxanthomonas,0,0,0,0,645
Psychrobacillus,0,0,0,0,435
Psychrobacter,0,0,0,0,3709
Puia,0,0,0,0,2108
Pusillimonas,0,0,0,0,102
Pygmaiobacter,0,0,0,0,1483
Pyramidobacter,0,0,0,0,6831
Qipengyuania,0,0,0,0,258
Rahnella,0,0,0,0,1732
Ralstonia,0,0,0,0,13439
Ramlibacter,0,0,0,0,465
Raoultella,0,0,0,0,6801
Cryptobacterium,0,0,0,0,1157
Comamonas,0,0,0,0,7657
Criibacterium,0,0,0,0,1057
Bacteroidaceae,0,0,0,182185,0
Bifidobacteriaceae,0,0,0,167052,0
Beijerinckiaceae,0,0,0,11225,0
Barnesiellaceae,0,0,0,82303,0
Balneolaceae,0,0,0,105,0
Bacteroidales RF16 group,0,0,0,1485,0
Bacteroidales BS11 gut group,0,0,0,477,0
Bacteriovoracaceae,0,0,0,382,0
Brachyspiraceae,0,0,0,1309,0
Bacillaceae,0,0,0,26466,0
Azospirillaceae,0,0,0,258,0
Atopobiaceae,0,0,0,53170,0
Arcobacteraceae,0,0,0,222,0
Anaerovoracaceae,0,0,0,115311,0
Anaerolineaceae,0,0,0,217,0
Bogoriellaceae,0,0,0,434,0
Brevibacillaceae,0,0,0,557,0
Amoebophilaceae,0,0,0,139,0
Carnobacteriaceae,0,0,0,36967,0
Chromobacteriaceae,0,0,0,800,0
Christensenellaceae,0,0,0,115695,0
Chitinophagaceae,0,0,0,8871,0
Cellvibrionaceae,0,0,0,119,0
Cellulomonadaceae,0,0,0,425,0
Caulobacteraceae,0,0,0,15543,0
Cardiobacteriaceae,0,0,0,1403,0
Brevibacteriaceae,0,0,0,5391,0
Campylobacteraceae,0,0,0,28750,0
Caldicoprobacteraceae,0,0,0,786,0
Caldicellulosiraptoraceae,0,0,0,127,0
Caldalkalibacillaceae,0,0,0,1231,0
Butyricicoccaceae,0,0,0,130376,0
Burkholderiaceae,0,0,0,18150,0
Anaerofustaceae,0,0,0,15187,0
Alteromonadaceae,0,0,0,1382,0
Saccharimonadales,0,0,16806,0,0
Synergistales,0,0,21899,0,0
Thermoanaerobacterales,0,0,110,0,0
Thermoactinomycetales,0,0,342,0,0
Thermicanales,0,0,210,0,0
Thermales,0,0,3580,0,0
Terriglobales,0,0,104,0,0
Syntrophomonadales,0,0,908,0,0
Synechococcales,0,0,5415,0,0
Thiomicrospirales,0,0,112,0,0
Streptosporangiales,0,0,2955,0,0
Steroidobacterales,0,0,93,0,0
Staphylococcales,0,0,73202,0,0
Spirochaetales,0,0,5672,0,0
Sphingomonadales,0,0,15599,0,0
Sphingobacteriales,0,0,3967,0,0
Thermomicrobiales,0,0,244,0,0
Veillonellales-Selenomonadales,0,0,173200,0,0
Alicyclobacillaceae,0,0,0,1214,0
Acidothermaceae,0,0,0,152,0
Alcaligenaceae,0,0,0,5894,0
Akkermansiaceae,0,0,0,98841,0
Aeromonadaceae,0,0,0,4355,0
Aerococcaceae,0,0,0,9226,0
Actinomycetales Incertae Sedis,0,0,0,1331,0
Actinomycetaceae,0,0,0,86424,0
Acidobacteriaceae (Subgroup 1),0,0,0,104,0
Verrucomicrobiales,0,0,98841,0,0
Acidaminococcaceae,0,0,0,110733,0
Acholeplasmataceae,0,0,0,7775,0
Acetobacteraceae,0,0,0,974,0
67-14,0,0,0,177,0
WCHB1-41,0,0,278,0,0
Victivallales,0,0,23601,0,0
Chroococcidiopsaceae,0,0,0,235,0
Chthoniobacteraceae,0,0,0,420,0
Clostridiaceae,0,0,0,135161,0
Hafniaceae,0,0,0,4165,0
Idiomarinaceae,0,0,0,3021,0
Hyphomicrobiales Incertae Sedis,0,0,0,675,0
Hyphomicrobiaceae,0,0,0,93,0
Hydrogenophilaceae,0,0,0,713,0
Helicobacteraceae,0,0,0,4521,0
Halomonadaceae,0,0,0,10328,0
Geodermatophilaceae,0,0,0,800,0
JG30-KF-CM45,0,0,0,244,0
Geoalkalibacteraceae,0,0,0,140,0
Gemellaceae,0,0,0,44438,0
Gastranaerophilaceae,0,0,0,32785,0
Gaiellaceae,0,0,0,93,0
Fusobacteriaceae,0,0,0,49530,0
Frankiaceae,0,0,0,157,0
Intrasporangiaceae,0,0,0,1632,0
Kineosporiaceae,0,0,0,213,0
Coleofasciculaceae,0,0,0,170,0
Marinilabiliaceae,0,0,0,117,0
Methylomonadaceae,0,0,0,129,0
Methanosarcinaceae,0,0,0,106,0
Methanomethylophilaceae,0,0,0,1986,0
Methanomassiliicoccaceae,0,0,0,1123,0
Methanobacteriaceae,0,0,0,35717,0
Marinococcaceae,0,0,0,135,0
Marinifilaceae,0,0,0,101240,0
Lachnospiraceae,0,0,0,195374,0
Lysobacteraceae,0,0,0,12180,0
Lutibaculaceae,0,0,0,198,0
Listeriaceae,0,0,0,1536,0
Leptotrichiaceae,0,0,0,10672,0
Lentimicrobiaceae,0,0,0,391,0
Lactobacillaceae,0,0,0,110827,0
Flavobacteriaceae,0,0,0,15350,0
Fibrobacteraceae,0,0,0,800,0
Family XI,0,0,0,61476,0
Deferribacteraceae,0,0,0,662,0
Dermatophilaceae,0,0,0,1199,0
Dermacoccaceae,0,0,0,1112,0
Dermabacteraceae,0,0,0,3517,0
Demequinaceae,0,0,0,105,0
Deinococcaceae,0,0,0,1733,0
Defluviitaleaceae,0,0,0,39554,0
Cyclobacteriaceae,0,0,0,259,0
Family III,0,0,0,110,0
Cyanobiaceae,0,0,0,5415,0
Crocinitomicaceae,0,0,0,169,0
Corynebacteriaceae,0,0,0,44234,0
Coriobacteriales Incertae Sedis,0,0,0,34424,0
Coriobacteriaceae,0,0,0,116313,0
Comamonadaceae,0,0,0,23987,0
Desulfitobacteriaceae,0,0,0,136,0
Desulfovibrionaceae,0,0,0,109649,0
Devosiaceae,0,0,0,3350,0
Dietziaceae,0,0,0,1460,0
Dysgonomonadaceae,0,0,0,2674,0
Eggerthellaceae,0,0,0,129980,0
Elusimicrobiaceae,0,0,0,4044,0
Endozoicomonadaceae,0,0,0,3491,0
Enterobacteriaceae,0,0,0,173904,0
Enterococcaceae,0,0,0,77173,0
Erwiniaceae,0,0,0,10026,0
Erysipelatoclostridiaceae,0,0,0,150425,0
Erysipelotrichaceae,0,0,0,154937,0
Ethanoligenenaceae,0,0,0,8973,0
Eubacteriaceae,0,0,0,16278,0
Exiguobacteraceae,0,0,0,724,0
F082,0,0,0,1500,0
Solirubrobacterales,0,0,531,0,0
Rubrobacterales,0,0,110,0,0
Crenothrix,0,0,0,0,129
Synergistia,0,21899,0,0,0
Verrucomicrobiia,0,99661,0,0,0
Vampirivibrionia,0,34311,0,0,0
Thermoplasmata,0,3070,0,0,0
Thermoleophilia,0,561,0,0,0
Thermoanaerobacteria,0,233,0,0,0
Syntrophomonadia,0,908,0,0,0
Spirochaetia,0,5672,0,0,0
Absconditabacteriales (SR1),0,0,1276,0,0
Sericytochromatia,0,106,0,0,0
Saccharimonadia,0,16806,0,0,0
Rubrobacteria,0,110,0,0,0
Polyangiia,0,108,0,0,0
Planctomycetes,0,125,0,0,0
Oligoflexia,0,980,0,0,0
0319-6G20,0,0,980,0,0
Acetobacterales,0,0,974,0,0
Negativicutes,0,190872,0,0,0
Bacteroidales,0,0,193137,0,0
Brevibacillales,0,0,557,0,0
Bradymonadales,0,0,282,0,0
Brachyspirales,0,0,1309,0,0
Bifidobacteriales,0,0,167052,0,0
Bdellovibrionales,0,0,166,0,0
Balneolales,0,0,105,0,0
Bacteriovoracales,0,0,382,0,0
Acholeplasmatales,0,0,7775,0,0
Bacillales,0,0,27888,0,0
Azospirillales,0,0,258,0,0
Anaerolineales,0,0,217,0,0
Alicyclobacillales,0,0,1214,0,0
Actinomycetales,0,0,86481,0,0
Acidaminococcales,0,0,110733,0,0
Nitrososphaeria,0,107,0,0,0
Myxococcia,0,145,0,0,0
Rickettsiales,0,0,23874,0,0
Bacteroidia,0,193627,0,0,0
Clostridia,0,203084,0,0,0
Chloroflexia,0,244,0,0,0
Campylobacteria,0,31950,0,0,0
Brachyspirae,0,1309,0,0,0
Bdellovibrionia,0,166,0,0,0
Balneolia,0,105,0,0,0
Bacteriovoracia,0,382,0,0,0
Cyanobacteriia,0,35419,0,0,0
Bacilli,0,206500,0,0,0
Anaerolineae,0,217,0,0,0
Alphaproteobacteria,0,77741,0,0,0
Actinobacteria,0,186277,0,0,0
Acidobacteriae,0,104,0,0,0
Acidimicrobiia,0,124,0,0,0
Coriobacteriia,0,164080,0,0,0
Deferribacteres,0,662,0,0,0
Methanosarcinia,0,106,0,0,0
Gammaproteobacteria,0,200413,0,0,0
Methanobacteria,0,35717,0,0,0
Lentisphaeria,0,23693,0,0,0
Kiritimatiellia,0,278,0,0,0
KD4-96,0,168,0,0,0
Incertae Sedis,0,17737,11527,126515,180286
Gracilibacteria,0,1365,0,0,0
Fusobacteriia,0,53333,0,0,0
Deinococci,0,4924,0,0,0
Fibrobacteria,0,800,0,0,0
Eremiobacteria,0,149,0,0,0
Elusimicrobia,0,4044,0,0,0
Desulfuromonadia,0,422,0,0,0
Desulfovibrionia,0,109649,0,0,0
Desulfitobacteriia,0,136,0,0,0
Burkholderiales,0,0,146515,0,0
Caldalkalibacillales,0,0,1231,0,0
Caldicellulosiruptorales,0,0,127,0,0
Methylococcales,0,0,129,0,0
Myxococcales,0,0,145,0,0
Mycoplasmatales,0,0,3146,0,0
Mycobacteriales,0,0,47013,0,0
Monoglobales,0,0,116113,0,0
Microtrichales,0,0,124,0,0
Micrococcales,0,0,62561,0,0
Methanosarcinales,0,0,106,0,0
Obscuribacterales,0,0,1696,0,0
Methanomassiliicoccales,0,0,3070,0,0
Methanobacteriales,0,0,35717,0,0
Lysobacterales,0,0,12255,0,0
Lactobacillales,0,0,192198,0,0
Lachnospirales,0,0,195378,0,0
Kitasatosporales,0,0,4694,0,0
Nitrososphaerales,0,0,107,0,0
Oligosphaerales,0,0,635,0,0
Caldicoprobacterales,0,0,786,0,0
Propionibacteriales,0,0,9070,0,0
Rhodospirillales,0,0,40684,0,0
Rhodobacterales,0,0,3874,0,0
Reyranellales,0,0,317,0,0
RF39,0,0,54561,0,0
Pseudonocardiales,0,0,2910,0,0
Pseudomonadales,0,0,57272,0,0
Polyangiales,0,0,108,0,0
Opitutales,0,0,1381,0,0
Pirellulales,0,0,125,0,0
Peptostreptococcales-Tissierellales,0,0,172565,0,0
Peptococcales,0,0,54075,0,0
Parvibaculales,0,0,338,0,0
Paenibacillales,0,0,1392,0,0
Oscillospirales,0,0,183974,0,0
Kineosporiales,0,0,213,0,0
JGI 0000069-P22,0,0,242,0,0
Izemoplasmatales,0,0,12813,0,0
Clostridia UCG-014,0,0,90101,0,0
DTU014,0,0,15175,0,0
Cytophagales,0,0,647,0,0
Cyanobacteriales,0,0,444,0,0
Coriobacteriales,0,0,164080,0,0
Clostridiales,0,0,135161,0,0
Clostridia vadinBB60 group,0,0,57785,0,0
Chthoniobacterales,0,0,456,0,0
Hyphomicrobiales,0,0,22240,0,0
Christensenellales,0,0,115695,0,0
Chloroplast,0,0,30262,0,0
Chitinophagales,0,0,8871,0,0
Caulobacterales,0,0,15543,0,0
Cardiobacteriales,0,0,1606,0,0
Campylobacterales,0,0,31950,0,0
Deferribacterales,0,0,662,0,0
Deinococcales,0,0,1931,0,0
Desulfitobacteriales,0,0,136,0,0
Desulfovibrionales,0,0,109649,0,0
Desulfuromonadales,0,0,140,0,0
Elusimicrobiales,0,0,4044,0,0
Enterobacterales,0,0,187632,0,0
Erysipelotrichales,0,0,174197,0,0
Eubacteriales,0,0,28497,0,0
Exiguobacterales,0,0,724,0,0
Fibrobacterales,0,0,800,0,0
Flavobacteriales,0,0,21542,0,0
Frankiales,0,0,1076,0,0
Fusobacteriales,0,0,53333,0,0
Gaiellales,0,0,93,0,0
Gammaproteobacteria Incertae Sedis,0,0,1339,0,0
Gastranaerophilales,0,0,32785,0,0
Methylophilaceae,0,0,0,956,0
Microbacteriaceae,0,0,0,3005,0
Micrococcaceae,0,0,0,55482,0
Atopostipes,0,0,0,0,288
Balneola,0,0,0,0,105
Bacteroides,0,0,0,0,182185
Bacteriovorax,0,0,0,0,267
Bacillus,0,0,0,0,21169
Azohydromonas,0,0,0,0,104
Avibacterium,0,0,0,0,440
Atopobium,0,0,0,0,2918
Bdellovibrio,0,0,0,0,166
Asticcacaulis,0,0,0,0,282
Asteroleplasma,0,0,0,0,5955
Asinibacterium,0,0,0,0,7145
Asaccharobacter,0,0,0,0,3558
Arthrobacter,0,0,0,0,727
Arsenicicoccus,0,0,0,0,284
Barnesiella,0,0,0,0,72569
Bergeyella,0,0,0,0,2399
Arcobacter,0,0,0,0,222
Brachybacterium,0,0,0,0,1868
Brochothrix,0,0,0,0,1097
Brevundimonas,0,0,0,0,9057
Brevibacterium,0,0,0,0,5391
Brevibacillus,0,0,0,0,557
Bradyrhizobium,0,0,0,0,10243
Brachyspira,0,0,0,0,1309
Bosea,0,0,0,0,1529
Berryella,0,0,0,0,758
Bogoriella,0,0,0,0,200
Blautia,0,0,0,0,172041
Blastomonas,0,0,0,0,1340
Blastococcus,0,0,0,0,708
Bilophila,0,0,0,0,93640
Bifidobacterium,0,0,0,0,162648
Arenimonas,0,0,0,0,246
Arcanobacterium,0,0,0,0,1129
Mitochondria,0,0,0,23785,0
Aminicella,0,0,0,0,183
Anaerocella,0,0,0,0,116
Anaerobutyricum,0,0,0,0,125398
Anaerobiospirillum,0,0,0,0,198
Anaerobacillus,0,0,0,0,250
Amylolactobacillus,0,0,0,0,306
Aminipila,0,0,0,0,147
Amedibacillus,0,0,0,0,7229
Anaerocolumna,0,0,0,0,761
Alysiella,0,0,0,0,120
Alloscardovia,0,0,0,0,3444
Alloprevotella,0,0,0,0,2700
Allomeiothermus,0,0,0,0,534
Alloiococcus,0,0,0,0,134
Allobaculum,0,0,0,0,465
Anaerococcus,0,0,0,0,27207
Anaerofilum,0,0,0,0,16249
Arachnia,0,0,0,0,1269
Anaerovorax,0,0,0,0,351
Aquitalea,0,0,0,0,119
Aquamicrobium,0,0,0,0,318
Aquabacterium,0,0,0,0,5636
Antarcticibacterium,0,0,0,0,113
Anoxybacillus,0,0,0,0,938
Angelakisella,0,0,0,0,2035
Anaerovibrio,0,0,0,0,4124
Anaerofustis,0,0,0,0,15187
Anaerotruncus,0,0,0,0,37864
Anaerotignum,0,0,0,0,5978
Anaerostipes,0,0,0,0,154876
Anaerosporobacter,0,0,0,0,563
Anaeroplasma,0,0,0,0,7775
Anaeroglobus,0,0,0,0,5608
Brucella,0,0,0,0,9075
Brumimicrobium,0,0,0,0,116
Bulleidia,0,0,0,0,1381
Cetobacterium,0,0,0,0,4222
Chthonobacter,0,0,0,0,144
Chryseomicrobium,0,0,0,0,157
Chryseobacterium,0,0,0,0,3553
Chroococcidiopsis PCC 7203,0,0,0,0,235
Christensenellaceae R-7 group,0,0,0,0,111079
Christensenella,0,0,0,0,21276
Cereibacter,0,0,0,0,241
Cloacibacillus,0,0,0,0,13809
Cellvibrio,0,0,0,0,102
Cellulosimicrobium,0,0,0,0,482
Cellulosilyticum,0,0,0,0,2180
Caulobacter,0,0,0,0,2005
Catonella,0,0,0,0,1291
Catenisphaera,0,0,0,0,223
Citrobacter,0,0,0,0,25406
Cloacibacterium,0,0,0,0,3311
Burkholderia-Caballeronia-Paraburkholderia,0,0,0,0,3136
Coprobacter,0,0,0,0,36592
Crassaminicella,0,0,0,0,109
Corynebacterium,0,0,0,0,41418
Coriobacteriaceae UCG-003,0,0,0,0,1884
Coriobacteriaceae UCG-002,0,0,0,0,3771
Corallococcus,0,0,0,0,145
Coprococcus,0,0,0,0,107820
Coprobacillus,0,0,0,0,19332
Clostridioides,0,0,0,0,14473
Conservatibacter,0,0,0,0,125
Conexibacter,0,0,0,0,309
Companilactobacillus,0,0,0,0,666
Collinsella,0,0,0,0,115578
Colidextribacter,0,0,0,0,97296
Clostridium,0,0,0,0,133415
Catenibacterium,0,0,0,0,32159
Catenibacillus,0,0,0,0,7267
Carnobacterium,0,0,0,0,1267
CAG-56,0,0,0,0,11735
Caldicellulosiruptor,0,0,0,0,127
Caldalkalibacillus,0,0,0,0,1231
Caecibacterium,0,0,0,0,462
CHKCI002,0,0,0,0,4167
CHKCI001,0,0,0,0,1073
CAG-873,0,0,0,0,2910
CAG-352,0,0,0,0,17766
Cardiobacterium,0,0,0,0,1403
CAG-196,0,0,0,0,16929
Butyrivibrio,0,0,0,0,15729
Butyricimonas,0,0,0,0,66068
Butyricicoccus,0,0,0,0,5196
Butyribacter,0,0,0,0,115863
Buttiauxella,0,0,0,0,843
Caldicoprobacter,0,0,0,0,786
Caldimonas,0,0,0,0,515
Calidifontibacter,0,0,0,0,307
Campylobacter,0,0,0,0,28750
Candidatus Ancillula,0,0,0,0,1331
Candidatus Arthromitus,0,0,0,0,645
Candidatus Bacilloplasma,0,0,0,0,110
Candidatus Blochmannia,0,0,0,0,110
Candidatus Cardinium,0,0,0,0,139
Candidatus Methanogranum,0,0,0,0,864
Candidatus Obscuribacter,0,0,0,0,581
Candidatus Saccharimonas,0,0,0,0,1169
Candidatus Soleaferrea,0,0,0,0,33786
Candidatus Udaeobacter,0,0,0,0,420
Candidatus Xiphinematobacter,0,0,0,0,141
Capnocytophaga,0,0,0,0,2329
Caproiciproducens,0,0,0,0,1100
Allisonella,0,0,0,0,21708
Alkanindiges,0,0,0,0,609
Alkaliphilus,0,0,0,0,245
Rhodocyclaceae,0,0,0,774,0
Sanguibacteraceae,0,0,0,461,0
Saccharimonadaceae,0,0,0,14959,0
Ruminococcaceae,0,0,0,179503,0
Rubrobacteriaceae,0,0,0,110,0
Rikenellaceae,0,0,0,139991,0
Rickettsiaceae,0,0,0,127,0
Rhodanobacteraceae,0,0,0,116,0
Shewanellaceae,0,0,0,2323,0
Rhizobiaceae,0,0,0,14952,0
Reyranellaceae,0,0,0,317,0
Puniceicoccaceae,0,0,0,1381,0
Pseudonocardiaceae,0,0,0,2910,0
Pseudomonadaceae,0,0,0,35562,0
Pseudobdellovibrionaceae,0,0,0,166,0
Selenomonadaceae,0,0,0,48341,0
Solirubrobacteraceae,0,0,0,478,0
Thermaceae,0,0,0,3580,0
Steroidobacteraceae,0,0,0,93,0
Syntrophomonadaceae,0,0,0,908,0
Synergistaceae,0,0,0,21899,0
Sutterellaceae,0,0,0,128035,0
Succinivibrionaceae,0,0,0,14968,0
Streptomycetaceae,0,0,0,4694,0
Streptococcaceae,0,0,0,179029,0
Stappiaceae,0,0,0,453,0
Sphingobacteriaceae,0,0,0,3146,0
Staphylococcaceae,0,0,0,44650,0
Sporolactobacillaceae,0,0,0,105,0
Sporichthyaceae,0,0,0,164,0
Spirosomataceae,0,0,0,265,0
Spirochaetaceae,0,0,0,5672,0
Sphingomonadaceae,0,0,0,15599,0
Propionibacteriaceae,0,0,0,8656,0
Promicromonosporaceae,0,0,0,618,0
Prevotellaceae,0,0,0,133757,0
Natronincolaceae,0,0,0,245,0
Obscuribacteraceae,0,0,0,1696,0
Nocardiopsidaceae,0,0,0,2955,0
Nocardioidaceae,0,0,0,522,0
Nocardiaceae,0,0,0,3429,0
Nitrososphaeraceae,0,0,0,107,0
Neisseriaceae,0,0,0,19295,0
Myxococcaceae,0,0,0,145,0
Porphyromonadaceae,0,0,0,30226,0
Mycoplasmataceae,0,0,0,3146,0
Mycobacteriaceae,0,0,0,930,0
Muribaculaceae,0,0,0,50381,0
Morganellaceae,0,0,0,15499,0
Moraxellaceae,0,0,0,29722,0
Monoglobaceae,0,0,0,116113,0
Oligosphaeraceae,0,0,0,635,0
Oscillospiraceae,0,0,0,165980,0
Oxalobacteraceae,0,0,0,32315,0
P5D1-392,0,0,0,2934,0
Paenibacillaceae,0,0,0,1392,0
Paludibacteraceae,0,0,0,718,0
Paracoccaceae,0,0,0,3874,0
Parvibaculaceae,0,0,0,338,0
Pasteurellaceae,0,0,0,101083,0
Pectobacteriaceae,0,0,0,250,0
Peptococcaceae,0,0,0,54075,0
Peptostreptococcaceae,0,0,0,143554,0
Phormidiaceae,0,0,0,167,0
Pirellulaceae,0,0,0,125,0
Planococcaceae,0,0,0,3658,0
Pleomorphomonadaceae,0,0,0,3851,0
Polyangiaceae,0,0,0,108,0
Tannerellaceae,0,0,0,144163,0
Thermicanaceae,0,0,0,210,0
Alkalihalophilus,0,0,0,0,222
Actinotignum,0,0,0,0,679
Aeromicrobium,0,0,0,0,135
Aerococcus,0,0,0,0,1305
Aeribacillus,0,0,0,0,553
Aequorivita,0,0,0,0,125
Adlercreutzia,0,0,0,0,69943
Acutalibacter,0,0,0,0,130141
Actinomycetospora,0,0,0,0,450
Afipia,0,0,0,0,553
Actinomyces,0,0,0,0,26048
Actinobaculum,0,0,0,0,242
Actinobacillus,0,0,0,0,3892
Acinetobacter,0,0,0,0,26020
Acidovorax,0,0,0,0,2863
Acidothermus,0,0,0,0,152
Aeromonas,0,0,0,0,4355
Agathobacter,0,0,0,0,119797
Thermoactinomycetaceae,0,0,0,342,0
Aliicoccus,0,0,0,0,121
Alkaliflexus,0,0,0,0,101
Alkalicoccobacillus,0,0,0,0,382
Alistipes,0,0,0,0,134313
Alishewanella,0,0,0,0,103
Aliivibrio,0,0,0,0,396
Aliihoeflea,0,0,0,0,835
Alicyclobacillus,0,0,0,0,425
Agathobaculum,0,0,0,0,123579
Algoriphagus,0,0,0,0,158
Alcaligenes,0,0,0,0,1084
Akkermansia,0,0,0,0,98841
Agrococcus,0,0,0,0,414
Agrobacterium,0,0,0,0,3824
Aggregatibacter,0,0,0,0,4456
Acidipropionibacterium,0,0,0,0,269
Acidibacter,0,0,0,0,1339
Acidaminococcus,0,0,0,0,20289
Unknown Family,0,0,0,1339,0
Wohlfahrtiimonadaceae,0,0,0,206,0
Weeksellaceae,0,0,0,8984,0
Victivallaceae,0,0,0,18957,0
Vibrionaceae,0,0,0,935,0
Veillonellaceae,0,0,0,169747,0
Vagococcaceae,0,0,0,338,0
UCG-011,0,0,0,21556,0
Achromobacter,0,0,0,0,4704
UCG-010,0,0,0,60861,0
Tsukamurellaceae,0,0,0,160,0
Trueperaceae,0,0,0,300,0
Thiomicrospiraceae,0,0,0,112,0
Thioglobaceae,0,0,0,109,0
Thermotaleaceae,0,0,0,109,0
Xanthobacteraceae,0,0,0,11247,0
Xiphinematobacteraceae,0,0,0,141,0
Yersiniaceae,0,0,0,8314,0
[Eubacterium] coprostanoligenes group,0,0,0,127396,0
env.OPS 17,0,0,0,617,0
p-251-o5,0,0,0,171,0
p-2534-18B5 gut group,0,0,0,512,0
vadinBE97,0,0,0,10847,0
A2,0,0,0,0,417
ASF356,0,0,0,0,557
Abiotrophia,0,0,0,0,6237
Absiella,0,0,0,0,4922
Acetanaerobacterium,0,0,0,0,8529
Acetatifactor,0,0,0,0,182
Acetitomaculum,0,0,0,0,6169
Acetobacter,0,0,0,0,340
Acetobacterium,0,0,0,0,131
hgcI clade,0,0,0,0,164
